node_id,type,lat,lon,floor,name,category,weight,dwell_mean_min,dwell_std_min
wp_f1_0002,waypoint,-36.7291023,174.7086014,1,,waypoint,0.0,0,0
wp_f1_0003,waypoint,-36.729101,174.7086909,1,,waypoint,0.0,0,0
wp_f1_0004,waypoint,-36.7290302,174.7085998,1,,waypoint,0.0,0,0
wp_f1_0005,waypoint,-36.7290289,174.7086893,1,,waypoint,0.0,0,0
wp_f1_0006,waypoint,-36.728962,174.7083295,1,,waypoint,0.0,0,0
wp_f1_0007,waypoint,-36.7289581,174.7085982,1,,waypoint,0.0,0,0
wp_f1_0008,waypoint,-36.7289568,174.7086877,1,,waypoint,0.0,0,0
wp_f1_0010,waypoint,-36.7288899,174.7083279,1,,waypoint,0.0,0,0
wp_f1_0011,waypoint,-36.7288886,174.7084175,1,,waypoint,0.0,0,0
wp_f1_0012,waypoint,-36.7288873,174.708507,1,,waypoint,0.0,0,0
wp_f1_0013,waypoint,-36.728886,174.7085966,1,,waypoint,0.0,0,0
wp_f1_0014,waypoint,-36.7288847,174.7086861,1,,waypoint,0.0,0,0
wp_f1_0015,waypoint,-36.7288834,174.7087757,1,,waypoint,0.0,0,0
wp_f1_0016,waypoint,-36.7288822,174.7088652,1,,waypoint,0.0,0,0
wp_f1_0017,waypoint,-36.7288809,174.7089548,1,,waypoint,0.0,0,0
wp_f1_0019,waypoint,-36.7288191,174.7082368,1,,waypoint,0.0,0,0
wp_f1_0020,waypoint,-36.7288178,174.7083263,1,,waypoint,0.0,0,0
wp_f1_0021,waypoint,-36.7288165,174.7084159,1,,waypoint,0.0,0,0
wp_f1_0022,waypoint,-36.7288152,174.7085054,1,,waypoint,0.0,0,0
wp_f1_0023,waypoint,-36.7288139,174.708595,1,,waypoint,0.0,0,0
wp_f1_0024,waypoint,-36.7288126,174.7086845,1,,waypoint,0.0,0,0
wp_f1_0032,waypoint,-36.7287496,174.7080561,1,,waypoint,0.0,0,0
wp_f1_0033,waypoint,-36.7287483,174.7081456,1,,waypoint,0.0,0,0
wp_f1_0034,waypoint,-36.728747,174.7082352,1,,waypoint,0.0,0,0
wp_f1_0035,waypoint,-36.7287418,174.7085934,1,,waypoint,0.0,0,0
wp_f1_0036,waypoint,-36.7287406,174.7086829,1,,waypoint,0.0,0,0
wp_f1_0040,waypoint,-36.7287251,174.7097576,1,,waypoint,0.0,0,0
wp_f1_0043,waypoint,-36.7286813,174.7077858,1,,waypoint,0.0,0,0
wp_f1_0044,waypoint,-36.7286788,174.7079649,1,,waypoint,0.0,0,0
wp_f1_0045,waypoint,-36.7286775,174.7080545,1,,waypoint,0.0,0,0
wp_f1_0046,waypoint,-36.7286698,174.7085918,1,,waypoint,0.0,0,0
wp_f1_0047,waypoint,-36.7286685,174.7086813,1,,waypoint,0.0,0,0
wp_f1_0048,waypoint,-36.7286543,174.7096664,1,,waypoint,0.0,0,0
wp_f1_0049,waypoint,-36.728653,174.709756,1,,waypoint,0.0,0,0
wp_f1_0050,waypoint,-36.7286517,174.7098455,1,,waypoint,0.0,0,0
wp_f1_0052,waypoint,-36.7286492,174.7100247,1,,waypoint,0.0,0,0
wp_f1_0057,waypoint,-36.7286105,174.7076946,1,,waypoint,0.0,0,0
wp_f1_0058,waypoint,-36.7286092,174.7077842,1,,waypoint,0.0,0,0
wp_f1_0059,waypoint,-36.728608,174.7078738,1,,waypoint,0.0,0,0
wp_f1_0060,waypoint,-36.7285977,174.7085902,1,,waypoint,0.0,0,0
wp_f1_0061,waypoint,-36.7285964,174.7086797,1,,waypoint,0.0,0,0
wp_f1_0062,waypoint,-36.7285951,174.7087693,1,,waypoint,0.0,0,0
wp_f1_0063,waypoint,-36.7285822,174.7096648,1,,waypoint,0.0,0,0
wp_f1_0064,waypoint,-36.7285809,174.7097544,1,,waypoint,0.0,0,0
wp_f1_0070,waypoint,-36.7285436,174.7073348,1,,waypoint,0.0,0,0
wp_f1_0071,waypoint,-36.7285423,174.7074244,1,,waypoint,0.0,0,0
wp_f1_0072,waypoint,-36.728541,174.7075139,1,,waypoint,0.0,0,0
wp_f1_0073,waypoint,-36.7285397,174.7076035,1,,waypoint,0.0,0,0
wp_f1_0074,waypoint,-36.7285384,174.707693,1,,waypoint,0.0,0,0
wp_f1_0075,waypoint,-36.7285372,174.7077826,1,,waypoint,0.0,0,0
wp_f1_0076,waypoint,-36.7285256,174.7085886,1,,waypoint,0.0,0,0
wp_f1_0077,waypoint,-36.7285243,174.7086781,1,,waypoint,0.0,0,0
wp_f1_0078,waypoint,-36.728523,174.7087677,1,,waypoint,0.0,0,0
wp_f1_0079,waypoint,-36.7285217,174.7088573,1,,waypoint,0.0,0,0
wp_f1_0085,waypoint,-36.7284728,174.7072437,1,,waypoint,0.0,0,0
wp_f1_0086,waypoint,-36.7284715,174.7073332,1,,waypoint,0.0,0,0
wp_f1_0087,waypoint,-36.7284702,174.7074228,1,,waypoint,0.0,0,0
wp_f1_0090,waypoint,-36.7284535,174.708587,1,,waypoint,0.0,0,0
wp_f1_0091,waypoint,-36.7284522,174.7086765,1,,waypoint,0.0,0,0
wp_f1_0092,waypoint,-36.7284509,174.7087661,1,,waypoint,0.0,0,0
wp_f1_0093,waypoint,-36.7284496,174.7088557,1,,waypoint,0.0,0,0
wp_f1_0094,waypoint,-36.7284484,174.7089452,1,,waypoint,0.0,0,0
wp_f1_0100,waypoint,-36.7284007,174.7072421,1,,waypoint,0.0,0,0
wp_f1_0101,waypoint,-36.7283994,174.7073316,1,,waypoint,0.0,0,0
wp_f1_0102,waypoint,-36.7283981,174.7074212,1,,waypoint,0.0,0,0
wp_f1_0103,waypoint,-36.7283814,174.7085854,1,,waypoint,0.0,0,0
wp_f1_0104,waypoint,-36.7283801,174.7086749,1,,waypoint,0.0,0,0
wp_f1_0105,waypoint,-36.7283788,174.7087645,1,,waypoint,0.0,0,0
wp_f1_0106,waypoint,-36.7283776,174.7088541,1,,waypoint,0.0,0,0
wp_f1_0111,waypoint,-36.7283093,174.7085838,1,,waypoint,0.0,0,0
wp_f1_0112,waypoint,-36.728308,174.7086734,1,,waypoint,0.0,0,0
wp_f1_0113,waypoint,-36.7283068,174.7087629,1,,waypoint,0.0,0,0
wp_f1_0114,waypoint,-36.7283055,174.7088525,1,,waypoint,0.0,0,0
wp_f1_0115,waypoint,-36.7282372,174.7085822,1,,waypoint,0.0,0,0
wp_f1_0116,waypoint,-36.728236,174.7086718,1,,waypoint,0.0,0,0
wp_f1_0117,waypoint,-36.7282347,174.7087613,1,,waypoint,0.0,0,0
wp_f1_0118,waypoint,-36.7282334,174.7088509,1,,waypoint,0.0,0,0
wp_f1_0119,waypoint,-36.7281652,174.7085806,1,,waypoint,0.0,0,0
wp_f1_0120,waypoint,-36.7281639,174.7086702,1,,waypoint,0.0,0,0
wp_f1_0121,waypoint,-36.7281626,174.7087597,1,,waypoint,0.0,0,0
wp_f1_0122,waypoint,-36.7280931,174.708579,1,,waypoint,0.0,0,0
wp_f1_0123,waypoint,-36.7280918,174.7086686,1,,waypoint,0.0,0,0
wp_f1_0124,waypoint,-36.7280171,174.7088461,1,,waypoint,0.0,0,0
wp_f1_0125,waypoint,-36.7280158,174.7089356,1,,waypoint,0.0,0,0
wp_f1_0126,waypoint,-36.727945,174.7088445,1,,waypoint,0.0,0,0
main_entry,entry,-36.7278799,174.708292,1,Main Entrance (Piggot Way),entry,0.0,2,1
carpark_l1_e,entry,-36.7289816,174.709545,1,Car Park East → L1,entry,0.0,3,1
carpark_l1_w,entry,-36.7288003,174.707615,1,Car Park West → L1,entry,0.0,3,1
farmers_l1,anchor,-36.7287213,174.7099224,1,Farmers (L1),dept,7.0,20,7
jbhifi,anchor,-36.7279162,174.7089434,1,JB Hi-Fi,specialty,4.0,15,5
esc_nw_l1,escalator,-36.7284282,174.7075652,1,NW Escalator (L1),transition,0.0,1,0
esc_ne_l1,escalator,-36.7284853,174.7098156,1,NE Escalator (L1),transition,0.0,1,0
esc_se_l1,escalator,-36.7289745,174.7096042,1,SE Escalator (L1),transition,0.0,1,0
esc_sw_l1,escalator,-36.7288381,174.7077078,1,SW Escalator (L1),transition,0.0,1,0
wp_f2_0000,waypoint,-36.7296307,174.7075487,2,,waypoint,0.0,0,0
wp_f2_0001,waypoint,-36.7295599,174.7074575,2,,waypoint,0.0,0,0
wp_f2_0002,waypoint,-36.7295587,174.7075471,2,,waypoint,0.0,0,0
wp_f2_0003,waypoint,-36.7295574,174.7076366,2,,waypoint,0.0,0,0
wp_f2_0004,waypoint,-36.7294891,174.7073664,2,,waypoint,0.0,0,0
wp_f2_0005,waypoint,-36.7294879,174.7074559,2,,waypoint,0.0,0,0
wp_f2_0006,waypoint,-36.7294866,174.7075455,2,,waypoint,0.0,0,0
wp_f2_0007,waypoint,-36.7294853,174.707635,2,,waypoint,0.0,0,0
wp_f2_0008,waypoint,-36.729484,174.7077246,2,,waypoint,0.0,0,0
wp_f2_0009,waypoint,-36.7294827,174.7078141,2,,waypoint,0.0,0,0
wp_f2_0010,waypoint,-36.7294196,174.7071857,2,,waypoint,0.0,0,0
wp_f2_0011,waypoint,-36.7294183,174.7072752,2,,waypoint,0.0,0,0
wp_f2_0012,waypoint,-36.729417,174.7073648,2,,waypoint,0.0,0,0
wp_f2_0013,waypoint,-36.7294158,174.7074543,2,,waypoint,0.0,0,0
wp_f2_0014,waypoint,-36.7294145,174.7075439,2,,waypoint,0.0,0,0
wp_f2_0015,waypoint,-36.7294132,174.7076334,2,,waypoint,0.0,0,0
wp_f2_0016,waypoint,-36.7294119,174.707723,2,,waypoint,0.0,0,0
wp_f2_0017,waypoint,-36.7294106,174.7078125,2,,waypoint,0.0,0,0
wp_f2_0018,waypoint,-36.7294093,174.7079021,2,,waypoint,0.0,0,0
wp_f2_0019,waypoint,-36.7293501,174.7070049,2,,waypoint,0.0,0,0
wp_f2_0020,waypoint,-36.7293488,174.7070945,2,,waypoint,0.0,0,0
wp_f2_0021,waypoint,-36.7293475,174.7071841,2,,waypoint,0.0,0,0
wp_f2_0022,waypoint,-36.7293462,174.7072736,2,,waypoint,0.0,0,0
wp_f2_0023,waypoint,-36.729345,174.7073632,2,,waypoint,0.0,0,0
wp_f2_0024,waypoint,-36.7293437,174.7074527,2,,waypoint,0.0,0,0
wp_f2_0025,waypoint,-36.7293424,174.7075423,2,,waypoint,0.0,0,0
wp_f2_0026,waypoint,-36.7293411,174.7076318,2,,waypoint,0.0,0,0
wp_f2_0027,waypoint,-36.7293398,174.7077214,2,,waypoint,0.0,0,0
wp_f2_0028,waypoint,-36.7293385,174.7078109,2,,waypoint,0.0,0,0
wp_f2_0029,waypoint,-36.7293373,174.7079005,2,,waypoint,0.0,0,0
wp_f2_0030,waypoint,-36.729336,174.7079901,2,,waypoint,0.0,0,0
wp_f2_0031,waypoint,-36.7292793,174.7069138,2,,waypoint,0.0,0,0
wp_f2_0032,waypoint,-36.729278,174.7070034,2,,waypoint,0.0,0,0
wp_f2_0033,waypoint,-36.7292767,174.7070929,2,,waypoint,0.0,0,0
wp_f2_0034,waypoint,-36.7292754,174.7071825,2,,waypoint,0.0,0,0
wp_f2_0035,waypoint,-36.7292742,174.707272,2,,waypoint,0.0,0,0
wp_f2_0036,waypoint,-36.7292729,174.7073616,2,,waypoint,0.0,0,0
wp_f2_0037,waypoint,-36.7292716,174.7074511,2,,waypoint,0.0,0,0
wp_f2_0038,waypoint,-36.7292703,174.7075407,2,,waypoint,0.0,0,0
wp_f2_0039,waypoint,-36.729269,174.7076302,2,,waypoint,0.0,0,0
wp_f2_0041,waypoint,-36.7292664,174.7078093,2,,waypoint,0.0,0,0
wp_f2_0042,waypoint,-36.7292652,174.7078989,2,,waypoint,0.0,0,0
wp_f2_0043,waypoint,-36.7292639,174.7079885,2,,waypoint,0.0,0,0
wp_f2_0044,waypoint,-36.7292626,174.708078,2,,waypoint,0.0,0,0
wp_f2_0045,waypoint,-36.7292085,174.7068226,2,,waypoint,0.0,0,0
wp_f2_0046,waypoint,-36.7292072,174.7069122,2,,waypoint,0.0,0,0
wp_f2_0047,waypoint,-36.7292059,174.7070018,2,,waypoint,0.0,0,0
wp_f2_0048,waypoint,-36.7292046,174.7070913,2,,waypoint,0.0,0,0
wp_f2_0049,waypoint,-36.7292034,174.7071809,2,,waypoint,0.0,0,0
wp_f2_0050,waypoint,-36.7292021,174.7072704,2,,waypoint,0.0,0,0
wp_f2_0051,waypoint,-36.7292008,174.70736,2,,waypoint,0.0,0,0
wp_f2_0052,waypoint,-36.7291995,174.7074495,2,,waypoint,0.0,0,0
wp_f2_0053,waypoint,-36.7291982,174.7075391,2,,waypoint,0.0,0,0
wp_f2_0056,waypoint,-36.7291944,174.7078078,2,,waypoint,0.0,0,0
wp_f2_0057,waypoint,-36.7291931,174.7078973,2,,waypoint,0.0,0,0
wp_f2_0058,waypoint,-36.7291918,174.7079869,2,,waypoint,0.0,0,0
wp_f2_0059,waypoint,-36.7291905,174.7080764,2,,waypoint,0.0,0,0
wp_f2_0060,waypoint,-36.7291892,174.708166,2,,waypoint,0.0,0,0
wp_f2_0061,waypoint,-36.7291879,174.7082555,2,,waypoint,0.0,0,0
wp_f2_0062,waypoint,-36.7291866,174.7083451,2,,waypoint,0.0,0,0
wp_f2_0063,waypoint,-36.729139,174.7066419,2,,waypoint,0.0,0,0
wp_f2_0064,waypoint,-36.7291377,174.7067315,2,,waypoint,0.0,0,0
wp_f2_0065,waypoint,-36.7291364,174.706821,2,,waypoint,0.0,0,0
wp_f2_0066,waypoint,-36.7291351,174.7069106,2,,waypoint,0.0,0,0
wp_f2_0067,waypoint,-36.7291338,174.7070002,2,,waypoint,0.0,0,0
wp_f2_0068,waypoint,-36.7291326,174.7070897,2,,waypoint,0.0,0,0
wp_f2_0069,waypoint,-36.7291313,174.7071793,2,,waypoint,0.0,0,0
wp_f2_0070,waypoint,-36.72913,174.7072688,2,,waypoint,0.0,0,0
wp_f2_0071,waypoint,-36.7291287,174.7073584,2,,waypoint,0.0,0,0
wp_f2_0072,waypoint,-36.7291274,174.7074479,2,,waypoint,0.0,0,0
wp_f2_0073,waypoint,-36.7291261,174.7075375,2,,waypoint,0.0,0,0
wp_f2_0074,waypoint,-36.7291248,174.707627,2,,waypoint,0.0,0,0
wp_f2_0075,waypoint,-36.7291236,174.7077166,2,,waypoint,0.0,0,0
wp_f2_0076,waypoint,-36.7291223,174.7078062,2,,waypoint,0.0,0,0
wp_f2_0077,waypoint,-36.729121,174.7078957,2,,waypoint,0.0,0,0
wp_f2_0078,waypoint,-36.7291197,174.7079853,2,,waypoint,0.0,0,0
wp_f2_0079,waypoint,-36.7291184,174.7080748,2,,waypoint,0.0,0,0
wp_f2_0080,waypoint,-36.7291171,174.7081644,2,,waypoint,0.0,0,0
wp_f2_0081,waypoint,-36.7291158,174.7082539,2,,waypoint,0.0,0,0
wp_f2_0082,waypoint,-36.7291146,174.7083435,2,,waypoint,0.0,0,0
wp_f2_0083,waypoint,-36.7291133,174.708433,2,,waypoint,0.0,0,0
wp_f2_0084,waypoint,-36.729112,174.7085226,2,,waypoint,0.0,0,0
wp_f2_0085,waypoint,-36.7291107,174.7086122,2,,waypoint,0.0,0,0
wp_f2_0086,waypoint,-36.7291094,174.7087017,2,,waypoint,0.0,0,0
wp_f2_0087,waypoint,-36.7291081,174.7087913,2,,waypoint,0.0,0,0
wp_f2_0088,waypoint,-36.7290669,174.7066403,2,,waypoint,0.0,0,0
wp_f2_0089,waypoint,-36.7290656,174.7067299,2,,waypoint,0.0,0,0
wp_f2_0090,waypoint,-36.7290643,174.7068195,2,,waypoint,0.0,0,0
wp_f2_0091,waypoint,-36.729063,174.706909,2,,waypoint,0.0,0,0
wp_f2_0092,waypoint,-36.7290618,174.7069986,2,,waypoint,0.0,0,0
wp_f2_0093,waypoint,-36.7290605,174.7070881,2,,waypoint,0.0,0,0
wp_f2_0094,waypoint,-36.7290592,174.7071777,2,,waypoint,0.0,0,0
wp_f2_0095,waypoint,-36.7290579,174.7072672,2,,waypoint,0.0,0,0
wp_f2_0096,waypoint,-36.7290566,174.7073568,2,,waypoint,0.0,0,0
wp_f2_0099,waypoint,-36.7290528,174.7076254,2,,waypoint,0.0,0,0
wp_f2_0100,waypoint,-36.7290515,174.707715,2,,waypoint,0.0,0,0
wp_f2_0101,waypoint,-36.7290502,174.7078046,2,,waypoint,0.0,0,0
wp_f2_0102,waypoint,-36.7290489,174.7078941,2,,waypoint,0.0,0,0
wp_f2_0103,waypoint,-36.7290476,174.7079837,2,,waypoint,0.0,0,0
wp_f2_0104,waypoint,-36.7290463,174.7080732,2,,waypoint,0.0,0,0
wp_f2_0105,waypoint,-36.729045,174.7081628,2,,waypoint,0.0,0,0
wp_f2_0106,waypoint,-36.7290438,174.7082523,2,,waypoint,0.0,0,0
wp_f2_0107,waypoint,-36.7290425,174.7083419,2,,waypoint,0.0,0,0
wp_f2_0108,waypoint,-36.7290412,174.7084314,2,,waypoint,0.0,0,0
wp_f2_0109,waypoint,-36.7290399,174.708521,2,,waypoint,0.0,0,0
wp_f2_0110,waypoint,-36.7290386,174.7086106,2,,waypoint,0.0,0,0
wp_f2_0111,waypoint,-36.7290373,174.7087001,2,,waypoint,0.0,0,0
wp_f2_0112,waypoint,-36.729036,174.7087897,2,,waypoint,0.0,0,0
wp_f2_0113,waypoint,-36.7290348,174.7088792,2,,waypoint,0.0,0,0
wp_f2_0114,waypoint,-36.7290335,174.7089688,2,,waypoint,0.0,0,0
wp_f2_0115,waypoint,-36.7289935,174.7067283,2,,waypoint,0.0,0,0
wp_f2_0116,waypoint,-36.7289922,174.7068179,2,,waypoint,0.0,0,0
wp_f2_0117,waypoint,-36.728991,174.7069074,2,,waypoint,0.0,0,0
wp_f2_0118,waypoint,-36.7289897,174.706997,2,,waypoint,0.0,0,0
wp_f2_0119,waypoint,-36.7289884,174.7070865,2,,waypoint,0.0,0,0
wp_f2_0120,waypoint,-36.7289871,174.7071761,2,,waypoint,0.0,0,0
wp_f2_0121,waypoint,-36.7289858,174.7072656,2,,waypoint,0.0,0,0
wp_f2_0122,waypoint,-36.7289845,174.7073552,2,,waypoint,0.0,0,0
wp_f2_0125,waypoint,-36.7289807,174.7076239,2,,waypoint,0.0,0,0
wp_f2_0126,waypoint,-36.7289794,174.7077134,2,,waypoint,0.0,0,0
wp_f2_0127,waypoint,-36.7289781,174.707803,2,,waypoint,0.0,0,0
wp_f2_0128,waypoint,-36.7289768,174.7078925,2,,waypoint,0.0,0,0
wp_f2_0129,waypoint,-36.7289755,174.7079821,2,,waypoint,0.0,0,0
wp_f2_0130,waypoint,-36.7289742,174.7080716,2,,waypoint,0.0,0,0
wp_f2_0131,waypoint,-36.728973,174.7081612,2,,waypoint,0.0,0,0
wp_f2_0132,waypoint,-36.7289717,174.7082507,2,,waypoint,0.0,0,0
wp_f2_0133,waypoint,-36.7289704,174.7083403,2,,waypoint,0.0,0,0
wp_f2_0134,waypoint,-36.7289691,174.7084298,2,,waypoint,0.0,0,0
wp_f2_0135,waypoint,-36.7289678,174.7085194,2,,waypoint,0.0,0,0
wp_f2_0136,waypoint,-36.7289665,174.708609,2,,waypoint,0.0,0,0
wp_f2_0137,waypoint,-36.7289652,174.7086985,2,,waypoint,0.0,0,0
wp_f2_0138,waypoint,-36.728964,174.7087881,2,,waypoint,0.0,0,0
wp_f2_0139,waypoint,-36.7289627,174.7088776,2,,waypoint,0.0,0,0
wp_f2_0140,waypoint,-36.7289614,174.7089672,2,,waypoint,0.0,0,0
wp_f2_0141,waypoint,-36.7289562,174.7093254,2,,waypoint,0.0,0,0
wp_f2_0142,waypoint,-36.728955,174.7094149,2,,waypoint,0.0,0,0
wp_f2_0143,waypoint,-36.7289537,174.7095045,2,,waypoint,0.0,0,0
wp_f2_0144,waypoint,-36.7289524,174.7095941,2,,waypoint,0.0,0,0
wp_f2_0146,waypoint,-36.7289202,174.7068163,2,,waypoint,0.0,0,0
wp_f2_0147,waypoint,-36.7289189,174.7069058,2,,waypoint,0.0,0,0
wp_f2_0148,waypoint,-36.7289176,174.7069954,2,,waypoint,0.0,0,0
wp_f2_0149,waypoint,-36.7289163,174.7070849,2,,waypoint,0.0,0,0
wp_f2_0150,waypoint,-36.728915,174.7071745,2,,waypoint,0.0,0,0
wp_f2_0151,waypoint,-36.7289137,174.707264,2,,waypoint,0.0,0,0
wp_f2_0152,waypoint,-36.7289124,174.7073536,2,,waypoint,0.0,0,0
wp_f2_0153,waypoint,-36.7289112,174.7074431,2,,waypoint,0.0,0,0
wp_f2_0154,waypoint,-36.7289099,174.7075327,2,,waypoint,0.0,0,0
wp_f2_0155,waypoint,-36.7289086,174.7076223,2,,waypoint,0.0,0,0
wp_f2_0156,waypoint,-36.7289073,174.7077118,2,,waypoint,0.0,0,0
wp_f2_0157,waypoint,-36.728906,174.7078014,2,,waypoint,0.0,0,0
wp_f2_0158,waypoint,-36.7289047,174.7078909,2,,waypoint,0.0,0,0
wp_f2_0159,waypoint,-36.7289034,174.7079805,2,,waypoint,0.0,0,0
wp_f2_0160,waypoint,-36.7289022,174.70807,2,,waypoint,0.0,0,0
wp_f2_0161,waypoint,-36.7289009,174.7081596,2,,waypoint,0.0,0,0
wp_f2_0162,waypoint,-36.7288996,174.7082491,2,,waypoint,0.0,0,0
wp_f2_0163,waypoint,-36.7288983,174.7083387,2,,waypoint,0.0,0,0
wp_f2_0164,waypoint,-36.728897,174.7084282,2,,waypoint,0.0,0,0
wp_f2_0165,waypoint,-36.7288957,174.7085178,2,,waypoint,0.0,0,0
wp_f2_0166,waypoint,-36.7288944,174.7086074,2,,waypoint,0.0,0,0
wp_f2_0167,waypoint,-36.7288932,174.7086969,2,,waypoint,0.0,0,0
wp_f2_0168,waypoint,-36.7288919,174.7087865,2,,waypoint,0.0,0,0
wp_f2_0169,waypoint,-36.7288906,174.708876,2,,waypoint,0.0,0,0
wp_f2_0170,waypoint,-36.7288893,174.7089656,2,,waypoint,0.0,0,0
wp_f2_0171,waypoint,-36.7288854,174.7092342,2,,waypoint,0.0,0,0
wp_f2_0172,waypoint,-36.7288842,174.7093238,2,,waypoint,0.0,0,0
wp_f2_0173,waypoint,-36.7288829,174.7094134,2,,waypoint,0.0,0,0
wp_f2_0174,waypoint,-36.7288816,174.7095029,2,,waypoint,0.0,0,0
wp_f2_0175,waypoint,-36.7288803,174.7095925,2,,waypoint,0.0,0,0
wp_f2_0176,waypoint,-36.728879,174.709682,2,,waypoint,0.0,0,0
wp_f2_0177,waypoint,-36.7288777,174.7097716,2,,waypoint,0.0,0,0
wp_f2_0178,waypoint,-36.7288764,174.7098611,2,,waypoint,0.0,0,0
wp_f2_0181,waypoint,-36.7288726,174.7101298,2,,waypoint,0.0,0,0
wp_f2_0182,waypoint,-36.7288481,174.7068147,2,,waypoint,0.0,0,0
wp_f2_0183,waypoint,-36.7288468,174.7069042,2,,waypoint,0.0,0,0
wp_f2_0184,waypoint,-36.7288455,174.7069938,2,,waypoint,0.0,0,0
wp_f2_0185,waypoint,-36.7288442,174.7070833,2,,waypoint,0.0,0,0
wp_f2_0186,waypoint,-36.7288429,174.7071729,2,,waypoint,0.0,0,0
wp_f2_0187,waypoint,-36.7288416,174.7072624,2,,waypoint,0.0,0,0
wp_f2_0188,waypoint,-36.7288404,174.707352,2,,waypoint,0.0,0,0
wp_f2_0189,waypoint,-36.7288391,174.7074415,2,,waypoint,0.0,0,0
wp_f2_0190,waypoint,-36.7288378,174.7075311,2,,waypoint,0.0,0,0
wp_f2_0191,waypoint,-36.7288365,174.7076207,2,,waypoint,0.0,0,0
wp_f2_0192,waypoint,-36.7288352,174.7077102,2,,waypoint,0.0,0,0
wp_f2_0193,waypoint,-36.7288339,174.7077998,2,,waypoint,0.0,0,0
wp_f2_0194,waypoint,-36.7288326,174.7078893,2,,waypoint,0.0,0,0
wp_f2_0197,waypoint,-36.7288288,174.708158,2,,waypoint,0.0,0,0
wp_f2_0198,waypoint,-36.7288275,174.7082475,2,,waypoint,0.0,0,0
wp_f2_0199,waypoint,-36.7288262,174.7083371,2,,waypoint,0.0,0,0
wp_f2_0200,waypoint,-36.7288249,174.7084267,2,,waypoint,0.0,0,0
wp_f2_0201,waypoint,-36.7288236,174.7085162,2,,waypoint,0.0,0,0
wp_f2_0202,waypoint,-36.7288224,174.7086058,2,,waypoint,0.0,0,0
wp_f2_0203,waypoint,-36.7288211,174.7086953,2,,waypoint,0.0,0,0
wp_f2_0204,waypoint,-36.7288198,174.7087849,2,,waypoint,0.0,0,0
wp_f2_0205,waypoint,-36.7288185,174.7088744,2,,waypoint,0.0,0,0
wp_f2_0206,waypoint,-36.7288172,174.708964,2,,waypoint,0.0,0,0
wp_f2_0207,waypoint,-36.7288134,174.7092326,2,,waypoint,0.0,0,0
wp_f2_0208,waypoint,-36.7288121,174.7093222,2,,waypoint,0.0,0,0
wp_f2_0209,waypoint,-36.7288108,174.7094118,2,,waypoint,0.0,0,0
wp_f2_0210,waypoint,-36.7288095,174.7095013,2,,waypoint,0.0,0,0
wp_f2_0211,waypoint,-36.7288082,174.7095909,2,,waypoint,0.0,0,0
wp_f2_0212,waypoint,-36.7288069,174.7096804,2,,waypoint,0.0,0,0
wp_f2_0213,waypoint,-36.7288056,174.70977,2,,waypoint,0.0,0,0
wp_f2_0214,waypoint,-36.7288043,174.7098595,2,,waypoint,0.0,0,0
wp_f2_0215,waypoint,-36.7288031,174.7099491,2,,waypoint,0.0,0,0
wp_f2_0216,waypoint,-36.7288018,174.7100386,2,,waypoint,0.0,0,0
wp_f2_0217,waypoint,-36.7288005,174.7101282,2,,waypoint,0.0,0,0
wp_f2_0218,waypoint,-36.7287992,174.7102177,2,,waypoint,0.0,0,0
wp_f2_0219,waypoint,-36.7287979,174.7103073,2,,waypoint,0.0,0,0
wp_f2_0220,waypoint,-36.7287966,174.7103969,2,,waypoint,0.0,0,0
wp_f2_0221,waypoint,-36.7287953,174.7104864,2,,waypoint,0.0,0,0
wp_f2_0222,waypoint,-36.7287941,174.710576,2,,waypoint,0.0,0,0
wp_f2_0223,waypoint,-36.728776,174.7068131,2,,waypoint,0.0,0,0
wp_f2_0224,waypoint,-36.7287747,174.7069026,2,,waypoint,0.0,0,0
wp_f2_0225,waypoint,-36.7287734,174.7069922,2,,waypoint,0.0,0,0
wp_f2_0226,waypoint,-36.7287721,174.7070817,2,,waypoint,0.0,0,0
wp_f2_0227,waypoint,-36.7287708,174.7071713,2,,waypoint,0.0,0,0
wp_f2_0228,waypoint,-36.7287696,174.7072608,2,,waypoint,0.0,0,0
wp_f2_0229,waypoint,-36.7287683,174.7073504,2,,waypoint,0.0,0,0
wp_f2_0230,waypoint,-36.728767,174.70744,2,,waypoint,0.0,0,0
wp_f2_0231,waypoint,-36.7287657,174.7075295,2,,waypoint,0.0,0,0
wp_f2_0232,waypoint,-36.7287644,174.7076191,2,,waypoint,0.0,0,0
wp_f2_0233,waypoint,-36.7287631,174.7077086,2,,waypoint,0.0,0,0
wp_f2_0234,waypoint,-36.7287618,174.7077982,2,,waypoint,0.0,0,0
wp_f2_0235,waypoint,-36.7287606,174.7078877,2,,waypoint,0.0,0,0
wp_f2_0238,waypoint,-36.7287567,174.7081564,2,,waypoint,0.0,0,0
wp_f2_0239,waypoint,-36.7287554,174.7082459,2,,waypoint,0.0,0,0
wp_f2_0240,waypoint,-36.7287541,174.7083355,2,,waypoint,0.0,0,0
wp_f2_0241,waypoint,-36.7287528,174.7084251,2,,waypoint,0.0,0,0
wp_f2_0242,waypoint,-36.7287516,174.7085146,2,,waypoint,0.0,0,0
wp_f2_0243,waypoint,-36.7287503,174.7086042,2,,waypoint,0.0,0,0
wp_f2_0244,waypoint,-36.728749,174.7086937,2,,waypoint,0.0,0,0
wp_f2_0245,waypoint,-36.7287477,174.7087833,2,,waypoint,0.0,0,0
wp_f2_0246,waypoint,-36.7287464,174.7088728,2,,waypoint,0.0,0,0
wp_f2_0247,waypoint,-36.7287451,174.7089624,2,,waypoint,0.0,0,0
wp_f2_0248,waypoint,-36.7287438,174.7090519,2,,waypoint,0.0,0,0
wp_f2_0249,waypoint,-36.7287426,174.7091415,2,,waypoint,0.0,0,0
wp_f2_0250,waypoint,-36.72874,174.7093206,2,,waypoint,0.0,0,0
wp_f2_0251,waypoint,-36.7287387,174.7094102,2,,waypoint,0.0,0,0
wp_f2_0252,waypoint,-36.7287374,174.7094997,2,,waypoint,0.0,0,0
wp_f2_0253,waypoint,-36.7287361,174.7095893,2,,waypoint,0.0,0,0
wp_f2_0254,waypoint,-36.7287348,174.7096788,2,,waypoint,0.0,0,0
wp_f2_0255,waypoint,-36.7287335,174.7097684,2,,waypoint,0.0,0,0
wp_f2_0256,waypoint,-36.7287323,174.7098579,2,,waypoint,0.0,0,0
wp_f2_0257,waypoint,-36.728731,174.7099475,2,,waypoint,0.0,0,0
wp_f2_0258,waypoint,-36.7287297,174.710037,2,,waypoint,0.0,0,0
wp_f2_0259,waypoint,-36.7287284,174.7101266,2,,waypoint,0.0,0,0
wp_f2_0260,waypoint,-36.7287271,174.7102161,2,,waypoint,0.0,0,0
wp_f2_0261,waypoint,-36.7287258,174.7103057,2,,waypoint,0.0,0,0
wp_f2_0262,waypoint,-36.7287245,174.7103953,2,,waypoint,0.0,0,0
wp_f2_0263,waypoint,-36.7287233,174.7104848,2,,waypoint,0.0,0,0
wp_f2_0264,waypoint,-36.728722,174.7105744,2,,waypoint,0.0,0,0
wp_f2_0265,waypoint,-36.7287207,174.7106639,2,,waypoint,0.0,0,0
wp_f2_0266,waypoint,-36.7287026,174.706901,2,,waypoint,0.0,0,0
wp_f2_0267,waypoint,-36.7287013,174.7069906,2,,waypoint,0.0,0,0
wp_f2_0268,waypoint,-36.7287,174.7070801,2,,waypoint,0.0,0,0
wp_f2_0269,waypoint,-36.7286988,174.7071697,2,,waypoint,0.0,0,0
wp_f2_0270,waypoint,-36.7286975,174.7072592,2,,waypoint,0.0,0,0
wp_f2_0271,waypoint,-36.7286962,174.7073488,2,,waypoint,0.0,0,0
wp_f2_0272,waypoint,-36.7286949,174.7074384,2,,waypoint,0.0,0,0
wp_f2_0273,waypoint,-36.7286936,174.7075279,2,,waypoint,0.0,0,0
wp_f2_0274,waypoint,-36.7286923,174.7076175,2,,waypoint,0.0,0,0
wp_f2_0275,waypoint,-36.728691,174.707707,2,,waypoint,0.0,0,0
wp_f2_0276,waypoint,-36.7286898,174.7077966,2,,waypoint,0.0,0,0
wp_f2_0277,waypoint,-36.7286872,174.7079757,2,,waypoint,0.0,0,0
wp_f2_0278,waypoint,-36.7286859,174.7080652,2,,waypoint,0.0,0,0
wp_f2_0279,waypoint,-36.7286846,174.7081548,2,,waypoint,0.0,0,0
wp_f2_0280,waypoint,-36.7286833,174.7082443,2,,waypoint,0.0,0,0
wp_f2_0281,waypoint,-36.728682,174.7083339,2,,waypoint,0.0,0,0
wp_f2_0282,waypoint,-36.7286808,174.7084235,2,,waypoint,0.0,0,0
wp_f2_0283,waypoint,-36.7286795,174.708513,2,,waypoint,0.0,0,0
wp_f2_0284,waypoint,-36.7286782,174.7086026,2,,waypoint,0.0,0,0
wp_f2_0285,waypoint,-36.7286769,174.7086921,2,,waypoint,0.0,0,0
wp_f2_0286,waypoint,-36.7286756,174.7087817,2,,waypoint,0.0,0,0
wp_f2_0287,waypoint,-36.7286743,174.7088712,2,,waypoint,0.0,0,0
wp_f2_0288,waypoint,-36.728673,174.7089608,2,,waypoint,0.0,0,0
wp_f2_0289,waypoint,-36.7286718,174.7090503,2,,waypoint,0.0,0,0
wp_f2_0290,waypoint,-36.7286653,174.7094981,2,,waypoint,0.0,0,0
wp_f2_0291,waypoint,-36.728664,174.7095877,2,,waypoint,0.0,0,0
wp_f2_0292,waypoint,-36.7286627,174.7096772,2,,waypoint,0.0,0,0
wp_f2_0293,waypoint,-36.7286602,174.7098563,2,,waypoint,0.0,0,0
wp_f2_0294,waypoint,-36.7286589,174.7099459,2,,waypoint,0.0,0,0
wp_f2_0295,waypoint,-36.7286576,174.7100354,2,,waypoint,0.0,0,0
wp_f2_0296,waypoint,-36.7286563,174.710125,2,,waypoint,0.0,0,0
wp_f2_0297,waypoint,-36.728655,174.7102145,2,,waypoint,0.0,0,0
wp_f2_0298,waypoint,-36.7286537,174.7103041,2,,waypoint,0.0,0,0
wp_f2_0299,waypoint,-36.7286525,174.7103937,2,,waypoint,0.0,0,0
wp_f2_0300,waypoint,-36.7286512,174.7104832,2,,waypoint,0.0,0,0
wp_f2_0301,waypoint,-36.7286499,174.7105728,2,,waypoint,0.0,0,0
wp_f2_0302,waypoint,-36.7286486,174.7106623,2,,waypoint,0.0,0,0
wp_f2_0303,waypoint,-36.7286473,174.7107519,2,,waypoint,0.0,0,0
wp_f2_0304,waypoint,-36.7286305,174.7068994,2,,waypoint,0.0,0,0
wp_f2_0305,waypoint,-36.7286292,174.706989,2,,waypoint,0.0,0,0
wp_f2_0306,waypoint,-36.728628,174.7070785,2,,waypoint,0.0,0,0
wp_f2_0307,waypoint,-36.7286267,174.7071681,2,,waypoint,0.0,0,0
wp_f2_0308,waypoint,-36.7286254,174.7072576,2,,waypoint,0.0,0,0
wp_f2_0309,waypoint,-36.7286241,174.7073472,2,,waypoint,0.0,0,0
wp_f2_0310,waypoint,-36.7286228,174.7074368,2,,waypoint,0.0,0,0
wp_f2_0311,waypoint,-36.7286215,174.7075263,2,,waypoint,0.0,0,0
wp_f2_0312,waypoint,-36.7286202,174.7076159,2,,waypoint,0.0,0,0
wp_f2_0313,waypoint,-36.728619,174.7077054,2,,waypoint,0.0,0,0
wp_f2_0314,waypoint,-36.7286177,174.707795,2,,waypoint,0.0,0,0
wp_f2_0315,waypoint,-36.7286164,174.7078845,2,,waypoint,0.0,0,0
wp_f2_0316,waypoint,-36.7286151,174.7079741,2,,waypoint,0.0,0,0
wp_f2_0317,waypoint,-36.7286138,174.7080636,2,,waypoint,0.0,0,0
wp_f2_0318,waypoint,-36.7286125,174.7081532,2,,waypoint,0.0,0,0
wp_f2_0319,waypoint,-36.7286112,174.7082427,2,,waypoint,0.0,0,0
wp_f2_0320,waypoint,-36.72861,174.7083323,2,,waypoint,0.0,0,0
wp_f2_0321,waypoint,-36.7286087,174.7084219,2,,waypoint,0.0,0,0
wp_f2_0322,waypoint,-36.7286074,174.7085114,2,,waypoint,0.0,0,0
wp_f2_0323,waypoint,-36.7286061,174.708601,2,,waypoint,0.0,0,0
wp_f2_0324,waypoint,-36.7286048,174.7086905,2,,waypoint,0.0,0,0
wp_f2_0325,waypoint,-36.7286035,174.7087801,2,,waypoint,0.0,0,0
wp_f2_0326,waypoint,-36.7286022,174.7088696,2,,waypoint,0.0,0,0
wp_f2_0327,waypoint,-36.728601,174.7089592,2,,waypoint,0.0,0,0
wp_f2_0328,waypoint,-36.7285997,174.7090487,2,,waypoint,0.0,0,0
wp_f2_0329,waypoint,-36.7285932,174.7094965,2,,waypoint,0.0,0,0
wp_f2_0330,waypoint,-36.7285919,174.7095861,2,,waypoint,0.0,0,0
wp_f2_0331,waypoint,-36.7285907,174.7096756,2,,waypoint,0.0,0,0
wp_f2_0332,waypoint,-36.7285894,174.7097652,2,,waypoint,0.0,0,0
wp_f2_0333,waypoint,-36.7285881,174.7098547,2,,waypoint,0.0,0,0
wp_f2_0334,waypoint,-36.7285868,174.7099443,2,,waypoint,0.0,0,0
wp_f2_0335,waypoint,-36.7285855,174.7100338,2,,waypoint,0.0,0,0
wp_f2_0336,waypoint,-36.7285842,174.7101234,2,,waypoint,0.0,0,0
wp_f2_0337,waypoint,-36.7285829,174.7102129,2,,waypoint,0.0,0,0
wp_f2_0338,waypoint,-36.7285817,174.7103025,2,,waypoint,0.0,0,0
wp_f2_0339,waypoint,-36.7285791,174.7104816,2,,waypoint,0.0,0,0
wp_f2_0340,waypoint,-36.7285778,174.7105712,2,,waypoint,0.0,0,0
wp_f2_0341,waypoint,-36.7285765,174.7106607,2,,waypoint,0.0,0,0
wp_f2_0342,waypoint,-36.7285752,174.7107503,2,,waypoint,0.0,0,0
wp_f2_0343,waypoint,-36.7285739,174.7108398,2,,waypoint,0.0,0,0
wp_f2_0344,waypoint,-36.7285571,174.7069874,2,,waypoint,0.0,0,0
wp_f2_0345,waypoint,-36.7285559,174.7070769,2,,waypoint,0.0,0,0
wp_f2_0346,waypoint,-36.7285546,174.7071665,2,,waypoint,0.0,0,0
wp_f2_0347,waypoint,-36.7285533,174.7072561,2,,waypoint,0.0,0,0
wp_f2_0348,waypoint,-36.728552,174.7073456,2,,waypoint,0.0,0,0
wp_f2_0349,waypoint,-36.7285507,174.7074352,2,,waypoint,0.0,0,0
wp_f2_0351,waypoint,-36.7285482,174.7076143,2,,waypoint,0.0,0,0
wp_f2_0352,waypoint,-36.7285469,174.7077038,2,,waypoint,0.0,0,0
wp_f2_0353,waypoint,-36.7285456,174.7077934,2,,waypoint,0.0,0,0
wp_f2_0354,waypoint,-36.7285443,174.7078829,2,,waypoint,0.0,0,0
wp_f2_0355,waypoint,-36.728543,174.7079725,2,,waypoint,0.0,0,0
wp_f2_0356,waypoint,-36.7285417,174.708062,2,,waypoint,0.0,0,0
wp_f2_0357,waypoint,-36.7285404,174.7081516,2,,waypoint,0.0,0,0
wp_f2_0358,waypoint,-36.7285392,174.7082412,2,,waypoint,0.0,0,0
wp_f2_0359,waypoint,-36.7285379,174.7083307,2,,waypoint,0.0,0,0
wp_f2_0360,waypoint,-36.7285366,174.7084203,2,,waypoint,0.0,0,0
wp_f2_0361,waypoint,-36.7285353,174.7085098,2,,waypoint,0.0,0,0
wp_f2_0362,waypoint,-36.728534,174.7085994,2,,waypoint,0.0,0,0
wp_f2_0363,waypoint,-36.7285327,174.7086889,2,,waypoint,0.0,0,0
wp_f2_0364,waypoint,-36.7285314,174.7087785,2,,waypoint,0.0,0,0
wp_f2_0365,waypoint,-36.7285302,174.708868,2,,waypoint,0.0,0,0
wp_f2_0366,waypoint,-36.7285289,174.7089576,2,,waypoint,0.0,0,0
wp_f2_0367,waypoint,-36.7285276,174.7090471,2,,waypoint,0.0,0,0
wp_f2_0368,waypoint,-36.7285263,174.7091367,2,,waypoint,0.0,0,0
wp_f2_0369,waypoint,-36.728525,174.7092263,2,,waypoint,0.0,0,0
wp_f2_0370,waypoint,-36.7285237,174.7093158,2,,waypoint,0.0,0,0
wp_f2_0371,waypoint,-36.7285224,174.7094054,2,,waypoint,0.0,0,0
wp_f2_0372,waypoint,-36.7285211,174.7094949,2,,waypoint,0.0,0,0
wp_f2_0373,waypoint,-36.7285199,174.7095845,2,,waypoint,0.0,0,0
wp_f2_0374,waypoint,-36.7285186,174.709674,2,,waypoint,0.0,0,0
wp_f2_0375,waypoint,-36.7285173,174.7097636,2,,waypoint,0.0,0,0
wp_f2_0376,waypoint,-36.728516,174.7098531,2,,waypoint,0.0,0,0
wp_f2_0377,waypoint,-36.7285147,174.7099427,2,,waypoint,0.0,0,0
wp_f2_0378,waypoint,-36.7285134,174.7100322,2,,waypoint,0.0,0,0
wp_f2_0379,waypoint,-36.7285121,174.7101218,2,,waypoint,0.0,0,0
wp_f2_0380,waypoint,-36.7285109,174.7102113,2,,waypoint,0.0,0,0
wp_f2_0381,waypoint,-36.7285096,174.7103009,2,,waypoint,0.0,0,0
wp_f2_0382,waypoint,-36.7285083,174.7103905,2,,waypoint,0.0,0,0
wp_f2_0383,waypoint,-36.728507,174.71048,2,,waypoint,0.0,0,0
wp_f2_0384,waypoint,-36.7285044,174.7106591,2,,waypoint,0.0,0,0
wp_f2_0385,waypoint,-36.7285031,174.7107487,2,,waypoint,0.0,0,0
wp_f2_0386,waypoint,-36.7285018,174.7108382,2,,waypoint,0.0,0,0
wp_f2_0387,waypoint,-36.7285006,174.7109278,2,,waypoint,0.0,0,0
wp_f2_0388,waypoint,-36.7284851,174.7069858,2,,waypoint,0.0,0,0
wp_f2_0389,waypoint,-36.7284838,174.7070753,2,,waypoint,0.0,0,0
wp_f2_0390,waypoint,-36.7284825,174.7071649,2,,waypoint,0.0,0,0
wp_f2_0391,waypoint,-36.7284812,174.7072545,2,,waypoint,0.0,0,0
wp_f2_0392,waypoint,-36.7284799,174.707344,2,,waypoint,0.0,0,0
wp_f2_0395,waypoint,-36.7284761,174.7076127,2,,waypoint,0.0,0,0
wp_f2_0396,waypoint,-36.7284748,174.7077022,2,,waypoint,0.0,0,0
wp_f2_0397,waypoint,-36.7284735,174.7077918,2,,waypoint,0.0,0,0
wp_f2_0398,waypoint,-36.7284722,174.7078813,2,,waypoint,0.0,0,0
wp_f2_0399,waypoint,-36.7284709,174.7079709,2,,waypoint,0.0,0,0
wp_f2_0400,waypoint,-36.7284696,174.7080604,2,,waypoint,0.0,0,0
wp_f2_0401,waypoint,-36.7284658,174.7083291,2,,waypoint,0.0,0,0
wp_f2_0402,waypoint,-36.7284645,174.7084187,2,,waypoint,0.0,0,0
wp_f2_0403,waypoint,-36.7284632,174.7085082,2,,waypoint,0.0,0,0
wp_f2_0404,waypoint,-36.7284619,174.7085978,2,,waypoint,0.0,0,0
wp_f2_0405,waypoint,-36.7284606,174.7086873,2,,waypoint,0.0,0,0
wp_f2_0406,waypoint,-36.7284594,174.7087769,2,,waypoint,0.0,0,0
wp_f2_0407,waypoint,-36.7284581,174.7088664,2,,waypoint,0.0,0,0
wp_f2_0408,waypoint,-36.7284568,174.708956,2,,waypoint,0.0,0,0
wp_f2_0409,waypoint,-36.7284555,174.7090455,2,,waypoint,0.0,0,0
wp_f2_0410,waypoint,-36.7284542,174.7091351,2,,waypoint,0.0,0,0
wp_f2_0411,waypoint,-36.7284529,174.7092247,2,,waypoint,0.0,0,0
wp_f2_0412,waypoint,-36.7284516,174.7093142,2,,waypoint,0.0,0,0
wp_f2_0413,waypoint,-36.7284504,174.7094038,2,,waypoint,0.0,0,0
wp_f2_0414,waypoint,-36.7284491,174.7094933,2,,waypoint,0.0,0,0
wp_f2_0415,waypoint,-36.7284478,174.7095829,2,,waypoint,0.0,0,0
wp_f2_0416,waypoint,-36.7284465,174.7096724,2,,waypoint,0.0,0,0
wp_f2_0417,waypoint,-36.7284452,174.709762,2,,waypoint,0.0,0,0
wp_f2_0418,waypoint,-36.7284439,174.7098515,2,,waypoint,0.0,0,0
wp_f2_0419,waypoint,-36.7284426,174.7099411,2,,waypoint,0.0,0,0
wp_f2_0420,waypoint,-36.7284413,174.7100306,2,,waypoint,0.0,0,0
wp_f2_0421,waypoint,-36.7284401,174.7101202,2,,waypoint,0.0,0,0
wp_f2_0422,waypoint,-36.7284388,174.7102097,2,,waypoint,0.0,0,0
wp_f2_0423,waypoint,-36.7284375,174.7102993,2,,waypoint,0.0,0,0
wp_f2_0424,waypoint,-36.7284362,174.7103889,2,,waypoint,0.0,0,0
wp_f2_0425,waypoint,-36.7284349,174.7104784,2,,waypoint,0.0,0,0
wp_f2_0426,waypoint,-36.7284336,174.710568,2,,waypoint,0.0,0,0
wp_f2_0427,waypoint,-36.7284323,174.7106575,2,,waypoint,0.0,0,0
wp_f2_0428,waypoint,-36.728431,174.7107471,2,,waypoint,0.0,0,0
wp_f2_0429,waypoint,-36.7284298,174.7108366,2,,waypoint,0.0,0,0
wp_f2_0430,waypoint,-36.7284285,174.7109262,2,,waypoint,0.0,0,0
wp_f2_0431,waypoint,-36.7284117,174.7070738,2,,waypoint,0.0,0,0
wp_f2_0432,waypoint,-36.7284104,174.7071633,2,,waypoint,0.0,0,0
wp_f2_0433,waypoint,-36.7284091,174.7072529,2,,waypoint,0.0,0,0
wp_f2_0434,waypoint,-36.7284078,174.7073424,2,,waypoint,0.0,0,0
wp_f2_0435,waypoint,-36.7284066,174.707432,2,,waypoint,0.0,0,0
wp_f2_0436,waypoint,-36.7284053,174.7075215,2,,waypoint,0.0,0,0
wp_f2_0437,waypoint,-36.728404,174.7076111,2,,waypoint,0.0,0,0
wp_f2_0438,waypoint,-36.7284027,174.7077006,2,,waypoint,0.0,0,0
wp_f2_0439,waypoint,-36.7284014,174.7077902,2,,waypoint,0.0,0,0
wp_f2_0440,waypoint,-36.7283898,174.7085962,2,,waypoint,0.0,0,0
wp_f2_0441,waypoint,-36.7283886,174.7086857,2,,waypoint,0.0,0,0
wp_f2_0442,waypoint,-36.7283873,174.7087753,2,,waypoint,0.0,0,0
wp_f2_0443,waypoint,-36.728386,174.7088648,2,,waypoint,0.0,0,0
wp_f2_0444,waypoint,-36.7283847,174.7089544,2,,waypoint,0.0,0,0
wp_f2_0445,waypoint,-36.7283834,174.7090439,2,,waypoint,0.0,0,0
wp_f2_0446,waypoint,-36.7283821,174.7091335,2,,waypoint,0.0,0,0
wp_f2_0447,waypoint,-36.7283808,174.7092231,2,,waypoint,0.0,0,0
wp_f2_0448,waypoint,-36.7283795,174.7093126,2,,waypoint,0.0,0,0
wp_f2_0449,waypoint,-36.7283783,174.7094022,2,,waypoint,0.0,0,0
wp_f2_0450,waypoint,-36.728377,174.7094917,2,,waypoint,0.0,0,0
wp_f2_0451,waypoint,-36.7283757,174.7095813,2,,waypoint,0.0,0,0
wp_f2_0452,waypoint,-36.7283744,174.7096708,2,,waypoint,0.0,0,0
wp_f2_0453,waypoint,-36.7283731,174.7097604,2,,waypoint,0.0,0,0
wp_f2_0454,waypoint,-36.7283718,174.7098499,2,,waypoint,0.0,0,0
wp_f2_0455,waypoint,-36.7283705,174.7099395,2,,waypoint,0.0,0,0
wp_f2_0456,waypoint,-36.7283693,174.710029,2,,waypoint,0.0,0,0
wp_f2_0457,waypoint,-36.728368,174.7101186,2,,waypoint,0.0,0,0
wp_f2_0458,waypoint,-36.7283667,174.7102081,2,,waypoint,0.0,0,0
wp_f2_0459,waypoint,-36.7283654,174.7102977,2,,waypoint,0.0,0,0
wp_f2_0460,waypoint,-36.7283641,174.7103873,2,,waypoint,0.0,0,0
wp_f2_0461,waypoint,-36.7283628,174.7104768,2,,waypoint,0.0,0,0
wp_f2_0462,waypoint,-36.7283615,174.7105664,2,,waypoint,0.0,0,0
wp_f2_0463,waypoint,-36.7283602,174.7106559,2,,waypoint,0.0,0,0
wp_f2_0464,waypoint,-36.728359,174.7107455,2,,waypoint,0.0,0,0
wp_f2_0465,waypoint,-36.7283577,174.710835,2,,waypoint,0.0,0,0
wp_f2_0466,waypoint,-36.7283564,174.7109246,2,,waypoint,0.0,0,0
wp_f2_0467,waypoint,-36.7283396,174.7070722,2,,waypoint,0.0,0,0
wp_f2_0469,waypoint,-36.7283345,174.7074304,2,,waypoint,0.0,0,0
wp_f2_0470,waypoint,-36.7283332,174.7075199,2,,waypoint,0.0,0,0
wp_f2_0472,waypoint,-36.7283178,174.7085946,2,,waypoint,0.0,0,0
wp_f2_0473,waypoint,-36.7283165,174.7086841,2,,waypoint,0.0,0,0
wp_f2_0474,waypoint,-36.7283152,174.7087737,2,,waypoint,0.0,0,0
wp_f2_0475,waypoint,-36.7283139,174.7088632,2,,waypoint,0.0,0,0
wp_f2_0478,waypoint,-36.72831,174.7091319,2,,waypoint,0.0,0,0
wp_f2_0479,waypoint,-36.7283087,174.7092215,2,,waypoint,0.0,0,0
wp_f2_0480,waypoint,-36.7283075,174.709311,2,,waypoint,0.0,0,0
wp_f2_0481,waypoint,-36.7283062,174.7094006,2,,waypoint,0.0,0,0
wp_f2_0482,waypoint,-36.7283049,174.7094901,2,,waypoint,0.0,0,0
wp_f2_0483,waypoint,-36.7283036,174.7095797,2,,waypoint,0.0,0,0
wp_f2_0484,waypoint,-36.7283023,174.7096692,2,,waypoint,0.0,0,0
wp_f2_0485,waypoint,-36.728301,174.7097588,2,,waypoint,0.0,0,0
wp_f2_0486,waypoint,-36.7282997,174.7098483,2,,waypoint,0.0,0,0
wp_f2_0487,waypoint,-36.7282985,174.7099379,2,,waypoint,0.0,0,0
wp_f2_0488,waypoint,-36.7282972,174.7100274,2,,waypoint,0.0,0,0
wp_f2_0489,waypoint,-36.7282959,174.710117,2,,waypoint,0.0,0,0
wp_f2_0490,waypoint,-36.7282946,174.7102066,2,,waypoint,0.0,0,0
wp_f2_0491,waypoint,-36.7282933,174.7102961,2,,waypoint,0.0,0,0
wp_f2_0492,waypoint,-36.728292,174.7103857,2,,waypoint,0.0,0,0
wp_f2_0493,waypoint,-36.7282907,174.7104752,2,,waypoint,0.0,0,0
wp_f2_0494,waypoint,-36.7282894,174.7105648,2,,waypoint,0.0,0,0
wp_f2_0495,waypoint,-36.7282882,174.7106543,2,,waypoint,0.0,0,0
wp_f2_0496,waypoint,-36.7282869,174.7107439,2,,waypoint,0.0,0,0
wp_f2_0497,waypoint,-36.7282611,174.7075183,2,,waypoint,0.0,0,0
wp_f2_0498,waypoint,-36.728247,174.7085034,2,,waypoint,0.0,0,0
wp_f2_0499,waypoint,-36.7282457,174.708593,2,,waypoint,0.0,0,0
wp_f2_0500,waypoint,-36.7282444,174.7086825,2,,waypoint,0.0,0,0
wp_f2_0501,waypoint,-36.7282431,174.7087721,2,,waypoint,0.0,0,0
wp_f2_0502,waypoint,-36.7282418,174.7088616,2,,waypoint,0.0,0,0
wp_f2_0505,waypoint,-36.7282379,174.7091303,2,,waypoint,0.0,0,0
wp_f2_0506,waypoint,-36.7282367,174.7092199,2,,waypoint,0.0,0,0
wp_f2_0507,waypoint,-36.7282354,174.7093094,2,,waypoint,0.0,0,0
wp_f2_0508,waypoint,-36.7282341,174.709399,2,,waypoint,0.0,0,0
wp_f2_0509,waypoint,-36.7282328,174.7094885,2,,waypoint,0.0,0,0
wp_f2_0510,waypoint,-36.7282315,174.7095781,2,,waypoint,0.0,0,0
wp_f2_0511,waypoint,-36.7282302,174.7096676,2,,waypoint,0.0,0,0
wp_f2_0514,waypoint,-36.7282264,174.7099363,2,,waypoint,0.0,0,0
wp_f2_0515,waypoint,-36.7282251,174.7100258,2,,waypoint,0.0,0,0
wp_f2_0516,waypoint,-36.7282238,174.7101154,2,,waypoint,0.0,0,0
wp_f2_0517,waypoint,-36.7282225,174.710205,2,,waypoint,0.0,0,0
wp_f2_0518,waypoint,-36.7282212,174.7102945,2,,waypoint,0.0,0,0
wp_f2_0519,waypoint,-36.7282199,174.7103841,2,,waypoint,0.0,0,0
wp_f2_0520,waypoint,-36.7282186,174.7104736,2,,waypoint,0.0,0,0
wp_f2_0521,waypoint,-36.7282174,174.7105632,2,,waypoint,0.0,0,0
wp_f2_0522,waypoint,-36.7282161,174.7106527,2,,waypoint,0.0,0,0
wp_f2_0523,waypoint,-36.7282148,174.7107423,2,,waypoint,0.0,0,0
wp_f2_0524,waypoint,-36.7281736,174.7085914,2,,waypoint,0.0,0,0
wp_f2_0525,waypoint,-36.7281723,174.7086809,2,,waypoint,0.0,0,0
wp_f2_0526,waypoint,-36.728171,174.7087705,2,,waypoint,0.0,0,0
wp_f2_0527,waypoint,-36.7281697,174.70886,2,,waypoint,0.0,0,0
wp_f2_0528,waypoint,-36.7281684,174.7089496,2,,waypoint,0.0,0,0
wp_f2_0529,waypoint,-36.7281671,174.7090392,2,,waypoint,0.0,0,0
wp_f2_0530,waypoint,-36.7281659,174.7091287,2,,waypoint,0.0,0,0
wp_f2_0531,waypoint,-36.7281646,174.7092183,2,,waypoint,0.0,0,0
wp_f2_0532,waypoint,-36.7281633,174.7093078,2,,waypoint,0.0,0,0
wp_f2_0533,waypoint,-36.728162,174.7093974,2,,waypoint,0.0,0,0
wp_f2_0534,waypoint,-36.7281607,174.7094869,2,,waypoint,0.0,0,0
wp_f2_0535,waypoint,-36.7281594,174.7095765,2,,waypoint,0.0,0,0
wp_f2_0536,waypoint,-36.7281581,174.709666,2,,waypoint,0.0,0,0
wp_f2_0539,waypoint,-36.7281543,174.7099347,2,,waypoint,0.0,0,0
wp_f2_0540,waypoint,-36.728153,174.7100242,2,,waypoint,0.0,0,0
wp_f2_0541,waypoint,-36.7281517,174.7101138,2,,waypoint,0.0,0,0
wp_f2_0542,waypoint,-36.7281504,174.7102034,2,,waypoint,0.0,0,0
wp_f2_0543,waypoint,-36.7281491,174.7102929,2,,waypoint,0.0,0,0
wp_f2_0544,waypoint,-36.7281478,174.7103825,2,,waypoint,0.0,0,0
wp_f2_0545,waypoint,-36.7281466,174.710472,2,,waypoint,0.0,0,0
wp_f2_0546,waypoint,-36.7281453,174.7105616,2,,waypoint,0.0,0,0
wp_f2_0547,waypoint,-36.728144,174.7106511,2,,waypoint,0.0,0,0
wp_f2_0548,waypoint,-36.7281427,174.7107407,2,,waypoint,0.0,0,0
wp_f2_0549,waypoint,-36.7281015,174.7085898,2,,waypoint,0.0,0,0
wp_f2_0550,waypoint,-36.7281002,174.7086793,2,,waypoint,0.0,0,0
wp_f2_0551,waypoint,-36.7280989,174.7087689,2,,waypoint,0.0,0,0
wp_f2_0552,waypoint,-36.7280976,174.7088584,2,,waypoint,0.0,0,0
wp_f2_0553,waypoint,-36.7280963,174.708948,2,,waypoint,0.0,0,0
wp_f2_0554,waypoint,-36.7280951,174.7090376,2,,waypoint,0.0,0,0
wp_f2_0555,waypoint,-36.7280938,174.7091271,2,,waypoint,0.0,0,0
wp_f2_0556,waypoint,-36.7280925,174.7092167,2,,waypoint,0.0,0,0
wp_f2_0557,waypoint,-36.7280912,174.7093062,2,,waypoint,0.0,0,0
wp_f2_0558,waypoint,-36.7280899,174.7093958,2,,waypoint,0.0,0,0
wp_f2_0559,waypoint,-36.7280886,174.7094853,2,,waypoint,0.0,0,0
wp_f2_0560,waypoint,-36.7280873,174.7095749,2,,waypoint,0.0,0,0
wp_f2_0561,waypoint,-36.7280861,174.7096644,2,,waypoint,0.0,0,0
wp_f2_0562,waypoint,-36.7280848,174.709754,2,,waypoint,0.0,0,0
wp_f2_0563,waypoint,-36.7280835,174.7098435,2,,waypoint,0.0,0,0
wp_f2_0564,waypoint,-36.7280822,174.7099331,2,,waypoint,0.0,0,0
wp_f2_0565,waypoint,-36.7280809,174.7100226,2,,waypoint,0.0,0,0
wp_f2_0566,waypoint,-36.7280796,174.7101122,2,,waypoint,0.0,0,0
wp_f2_0567,waypoint,-36.7280783,174.7102018,2,,waypoint,0.0,0,0
wp_f2_0568,waypoint,-36.728077,174.7102913,2,,waypoint,0.0,0,0
wp_f2_0569,waypoint,-36.7280758,174.7103809,2,,waypoint,0.0,0,0
wp_f2_0570,waypoint,-36.7280745,174.7104704,2,,waypoint,0.0,0,0
wp_f2_0571,waypoint,-36.7280732,174.71056,2,,waypoint,0.0,0,0
wp_f2_0572,waypoint,-36.7280719,174.7106495,2,,waypoint,0.0,0,0
wp_f2_0573,waypoint,-36.7280706,174.7107391,2,,waypoint,0.0,0,0
wp_f2_0576,waypoint,-36.7280255,174.7088568,2,,waypoint,0.0,0,0
wp_f2_0577,waypoint,-36.7280243,174.7089464,2,,waypoint,0.0,0,0
wp_f2_0578,waypoint,-36.728023,174.709036,2,,waypoint,0.0,0,0
wp_f2_0579,waypoint,-36.7280217,174.7091255,2,,waypoint,0.0,0,0
wp_f2_0580,waypoint,-36.7280204,174.7092151,2,,waypoint,0.0,0,0
wp_f2_0581,waypoint,-36.7280191,174.7093046,2,,waypoint,0.0,0,0
wp_f2_0582,waypoint,-36.7280178,174.7093942,2,,waypoint,0.0,0,0
wp_f2_0583,waypoint,-36.7280165,174.7094837,2,,waypoint,0.0,0,0
wp_f2_0584,waypoint,-36.7280153,174.7095733,2,,waypoint,0.0,0,0
wp_f2_0585,waypoint,-36.728014,174.7096628,2,,waypoint,0.0,0,0
wp_f2_0586,waypoint,-36.7280127,174.7097524,2,,waypoint,0.0,0,0
wp_f2_0587,waypoint,-36.7280114,174.7098419,2,,waypoint,0.0,0,0
wp_f2_0588,waypoint,-36.7280101,174.7099315,2,,waypoint,0.0,0,0
wp_f2_0589,waypoint,-36.7280088,174.710021,2,,waypoint,0.0,0,0
wp_f2_0590,waypoint,-36.7280075,174.7101106,2,,waypoint,0.0,0,0
wp_f2_0591,waypoint,-36.7280062,174.7102002,2,,waypoint,0.0,0,0
wp_f2_0592,waypoint,-36.728005,174.7102897,2,,waypoint,0.0,0,0
wp_f2_0597,waypoint,-36.7279985,174.7107375,2,,waypoint,0.0,0,0
wp_f2_0600,waypoint,-36.7279535,174.7088553,2,,waypoint,0.0,0,0
wp_f2_0601,waypoint,-36.7279522,174.7089448,2,,waypoint,0.0,0,0
wp_f2_0602,waypoint,-36.7279509,174.7090344,2,,waypoint,0.0,0,0
wp_f2_0603,waypoint,-36.7279496,174.7091239,2,,waypoint,0.0,0,0
wp_f2_0604,waypoint,-36.7279483,174.7092135,2,,waypoint,0.0,0,0
wp_f2_0605,waypoint,-36.727947,174.709303,2,,waypoint,0.0,0,0
wp_f2_0606,waypoint,-36.7279457,174.7093926,2,,waypoint,0.0,0,0
wp_f2_0607,waypoint,-36.7279445,174.7094821,2,,waypoint,0.0,0,0
wp_f2_0608,waypoint,-36.7279432,174.7095717,2,,waypoint,0.0,0,0
wp_f2_0609,waypoint,-36.7279419,174.7096612,2,,waypoint,0.0,0,0
wp_f2_0610,waypoint,-36.7279406,174.7097508,2,,waypoint,0.0,0,0
wp_f2_0611,waypoint,-36.7279393,174.7098403,2,,waypoint,0.0,0,0
wp_f2_0612,waypoint,-36.727938,174.7099299,2,,waypoint,0.0,0,0
wp_f2_0613,waypoint,-36.7279354,174.710109,2,,waypoint,0.0,0,0
wp_f2_0614,waypoint,-36.7279342,174.7101986,2,,waypoint,0.0,0,0
wp_f2_0615,waypoint,-36.7279329,174.7102881,2,,waypoint,0.0,0,0
wp_f2_0617,waypoint,-36.7279303,174.7104672,2,,waypoint,0.0,0,0
wp_f2_0618,waypoint,-36.727929,174.7105568,2,,waypoint,0.0,0,0
wp_f2_0619,waypoint,-36.7279277,174.7106463,2,,waypoint,0.0,0,0
wp_f2_0621,waypoint,-36.7278762,174.7092119,2,,waypoint,0.0,0,0
wp_f2_0622,waypoint,-36.7278749,174.7093014,2,,waypoint,0.0,0,0
wp_f2_0623,waypoint,-36.7278737,174.709391,2,,waypoint,0.0,0,0
wp_f2_0624,waypoint,-36.7278724,174.7094805,2,,waypoint,0.0,0,0
wp_f2_0625,waypoint,-36.7278711,174.7095701,2,,waypoint,0.0,0,0
wp_f2_0626,waypoint,-36.7278698,174.7096596,2,,waypoint,0.0,0,0
wp_f2_0627,waypoint,-36.7278685,174.7097492,2,,waypoint,0.0,0,0
wp_f2_0628,waypoint,-36.7278672,174.7098387,2,,waypoint,0.0,0,0
wp_f2_0629,waypoint,-36.7278621,174.710197,2,,waypoint,0.0,0,0
wp_f2_0630,waypoint,-36.7278608,174.7102865,2,,waypoint,0.0,0,0
wp_f2_0631,waypoint,-36.7278595,174.7103761,2,,waypoint,0.0,0,0
wp_f2_0632,waypoint,-36.7278582,174.7104656,2,,waypoint,0.0,0,0
wp_f2_0633,waypoint,-36.7278569,174.7105552,2,,waypoint,0.0,0,0
wp_f2_0634,waypoint,-36.7278556,174.7106447,2,,waypoint,0.0,0,0
wp_f2_0635,waypoint,-36.727799,174.7095685,2,,waypoint,0.0,0,0
wp_f2_0636,waypoint,-36.7277977,174.709658,2,,waypoint,0.0,0,0
wp_f2_0637,waypoint,-36.7277836,174.7106431,2,,waypoint,0.0,0,0
cinema_entry,entry,-36.728,174.7104,2,Cinema Entrance (NE),entry,0.0,2,1
foodcourt_entry,entry,-36.729,174.7075,2,Food Court Exterior Entrance,entry,0.0,2,1
event_cinemas,anchor,-36.728,174.7106,2,Event Cinemas,cinema,5.0,90,30
kmart,anchor,-36.7283,174.7072,2,Kmart,dept,7.0,25,8
foodcourt,anchor,-36.7288,174.708,2,Food Court,food,9.0,30,10
new_world,anchor,-36.7285,174.7075,2,New World,supermarket,8.0,20,6
farmers_l2,anchor,-36.7289052,174.7099725,2,Farmers (L2),dept,6.0,15,5
play_area_l2,anchor,-36.7283,174.709,2,Children's Play Area,leisure,3.0,40,15
esc_nw_l2,escalator,-36.7283066,174.7076364,2,NW Escalator (L2),transition,0.0,1,0
esc_ne_l2,escalator,-36.7282,174.7098,2,NE Escalator (L2),transition,0.0,1,0
esc_se_l2,escalator,-36.7289517,174.7097254,2,SE Escalator (L2),transition,0.0,1,0
esc_sw_l2,escalator,-36.7292,174.7077,2,SW Escalator (L2),transition,0.0,1,0
